Domain,Name,URL,MBFC factual,Media Bias/Fact Check URL,MisinfoMe,Logically,Our.news,Satire
100percentfedup.com,100 Percent Fed Up,https://100percentfedup.com/,low,https://mediabiasfactcheck.com/100-percent-fed-up/,-0.9,low,Problematic,No
10news.one,10News.one,https://www.10news.one/,low,https://mediabiasfactcheck.com/10news-one/,0,low,-,No
12minutos.com,12minutos.com,https://www.12minutos.com/,low,https://mediabiasfactcheck.com/12minutos-com/,-1,low,Problematic,No
2020conservative.com,2020 Conservative,https://2020conservative.com/,very-low,https://mediabiasfactcheck.com/2020-conservative-bias/,-,unknown,-,No
2020electioncenter.com,Banned.Video,https://2020electioncenter.com/,very-low,https://mediabiasfactcheck.com/2020electioncenter-com-bias/,0.6,low,-,No
24jours.com,24jours.com,https://www.24jours.com/,low,https://mediabiasfactcheck.com/24jours-com/,0.3,unknown,Problematic,No
4chan.org,4Chan,https://4chan.org/,very-low,https://mediabiasfactcheck.com/4chan-bias/,0.7,unknown,Problematic,No
79days.news,Banned.video,https://79days.news/,very-low,https://mediabiasfactcheck.com/79days-news/,-1,unknown,-,No
911truth.org,911Truth.org,https://911truth.org/,low,https://mediabiasfactcheck.com/911truth-org/,0.4,low,Problematic,No
aapsonline.org,Association of American Physicians and Surgeons,https://aapsonline.org/,low,https://mediabiasfactcheck.com/association-of-american-physicians-and-surgeons-aaps/,-0.6,low,Unverified,No
abovetopsecret.com,Above Top Secret,https://www.abovetopsecret.com/,low,https://mediabiasfactcheck.com/above-top-secret/,0.2,low,Problematic,No
abriluno.com,-,-,-,-,-,-,-,Yes
acallforanuprising.com,A Call for an Uprising,https://www.acallforanuprising.com/,low,https://mediabiasfactcheck.com/a-call-for-an-uprising/,-0.6,unknown,-,No
aceflashman.wordpress.com,-,-,-,-,-,-,-,Yes
actionnews3.com,Action News 3,https://actionnews3.com/,very-low,https://mediabiasfactcheck.com/action-news-3/,-0.9,low,Problematic,No
activistpost.com,Activist Post,https://www.activistpost.com/,low,https://mediabiasfactcheck.com/activist-post/,-0.8,low,Problematic,No
actualidadpanamericana.com,-,-,-,-,-,-,-,Yes
adflegal.org,Alliance Defending Freedom,https://adflegal.org/,low,https://mediabiasfactcheck.com/alliance-defending-freedom/,0,low,Problematic,No
adobochronicles.com,-,-,-,-,-,-,-,Yes
afa.net,American Family Association,https://afa.net/,low,https://mediabiasfactcheck.com/american-family-association/,-0.7,low,Unverified,No
afn.net,American Family News,https://afn.net/,low,https://mediabiasfactcheck.com/onenewsnow/,-,unknown,-,No
aim4truth.org,American Intelligence Media,https://aim4truth.org/,very-low,https://mediabiasfactcheck.com/american-intelligence-media/,0,low,Problematic,No
allnewspipeline.com,All News Pipeline,https://allnewspipeline.com/,low,https://mediabiasfactcheck.com/all-news-pipeline/,-0.8,low,Problematic,No
alphanews.org,Alpha News,https://alphanews.org/,low,https://mediabiasfactcheck.com/alpha-news/,-,unknown,-,No
alphanewsmn.com,Alpha News,https://alphanewsmn.com/,low,https://mediabiasfactcheck.com/alpha-news/,0,low,-,No
altermedzentrum.com,Altermed Zentrum,https://altermedzentrum.com/,very-low,https://mediabiasfactcheck.com/altermed-zentrum-bias/,-0.4,unknown,Problematic,No
alternativenews.com,AlternativeNews.com,https://alternativenews.com/,low,https://mediabiasfactcheck.com/alternativenews-com/,0.2,low,Problematic,No
althealthworks.com,AltHealth Works,https://althealthworks.com/,low,https://mediabiasfactcheck.com/althealth-works/,0.6,low,Problematic,No
altleft.news,AltLeft.News,https://altleft.news/,very-low,https://mediabiasfactcheck.com/altleft-news-bias/,-,low,-,No
altrighttv.com,Alt-Right TV,https://altrighttv.com/,low,https://mediabiasfactcheck.com/alt-right-tv/,-0.1,low,-,No
americamaxnews.com,America Max News,https://www.americamaxnews.com/,low,https://mediabiasfactcheck.com/america-max-news/,-0.6,unknown,-,No
americanconservativemovement.com,American Conservative Movement,https://americanconservativemovement.com/,low,https://mediabiasfactcheck.com/american-conservative-movement-acm/,-0.6,unknown,-,No
americanfreepress.net,American Free Press,https://americanfreepress.net/,low,https://mediabiasfactcheck.com/american-free-press/,-0.4,low,Problematic,No
americangulag.org,American Gulag,https://americangulag.org/,very-low,https://mediabiasfactcheck.com/american-gulag/,-0.1,unknown,-,No
americanjournalreview.com,American Journal Review,https://americanjournalreview.com/,low,https://mediabiasfactcheck.com/american-journal-review/,0,low,Problematic,No
americanlibertyemail.com,American Liberty Report,https://www.americanlibertyemail.com/,low,https://mediabiasfactcheck.com/american-liberty-report/,-,unknown,-,No
americanlookout.com,American Lookout,https://americanlookout.com/,low,https://mediabiasfactcheck.com/american-lookout/,0.2,low,Problematic,No
americanpatriotdaily.com,American Patriot Daily,https://www.americanpatriotdaily.com/,low,https://mediabiasfactcheck.com/american-patriot-daily/,-0.1,low,Problematic,No
americanpeopledaily.com,American People Daily,https://americanpeopledaily.com/,low,https://mediabiasfactcheck.com/american-people-daily/,0,unknown,-,No
americanpolicy.org,American Policy Center,https://americanpolicy.org/,low,https://mediabiasfactcheck.com/american-policy-center/,0.2,unknown,-,No
americanprinciplesproject.org,American Principles Project,https://americanprinciplesproject.org/,low,https://mediabiasfactcheck.com/american-principles-project/,-0.2,low,-,No
americansfortruth.com,Americans for Truth about Homosexuality,https://americansfortruth.com/,very-low,https://mediabiasfactcheck.com/americans-for-truth-aftah/,-0.4,low,-,No
americanthinker.com,American Thinker,https://www.americanthinker.com/,low,https://mediabiasfactcheck.com/american-thinker/,-0.7,low,Problematic,No
americantruthtoday.com,American Truth Today,https://americantruthtoday.com/,low,https://mediabiasfactcheck.com/american-truth-today/,0.6,low,-,No
americasfreedomfighters.com,Americas Freedom Fighters,https://americasfreedomfighters.com/,low,https://mediabiasfactcheck.com/american-freedom-fighters/,-0.8,unknown,Problematic,No
americasfrontlinedoctors.org,America's Frontline Doctors,https://americasfrontlinedoctors.org/,low,https://mediabiasfactcheck.com/americas-frontline-doctors/,-0.7,unknown,-,No
amg-news.com,American Media Group,https://amg-news.com/,very-low,https://mediabiasfactcheck.com/amg-news/,-,unknown,-,No
amren.com,American Renaissance Magazine,https://www.amren.com/,low,https://mediabiasfactcheck.com/american-renaissance-magazine/,-0.1,low,Verified,No
amtvmedia.com,Alternative Media Television (AMTV),https://www.amtvmedia.com/,low,https://mediabiasfactcheck.com/alternative-media-television-amtv/,0.2,low,Problematic,No
anonhq.com,We are Anonymous,https://anonhq.com/,very-low,https://mediabiasfactcheck.com/we-are-anonymous/,-0.2,low,Problematic,No
anyavien.com,Anya Vien,https://anyavien.com/,very-low,https://mediabiasfactcheck.com/anya-vien/,-1,unknown,Unverified,No
askingangels.com,AskingAngels,https://askingangels.com/,very-low,https://mediabiasfactcheck.com/askingangels-com/,-1,unknown,-,No
assassinationscience.com,Assassination Science,https://assassinationscience.com/,low,https://mediabiasfactcheck.com/assassination-science/,-0.5,low,Problematic,No
associatedmediacoverage.com,-,-,-,-,-,-,-,Yes
australiannationalreview.com,Australian National Review,https://australiannationalreview.com/,low,https://mediabiasfactcheck.com/australian-national-review/,0,low,Problematic,No
avoiceformen.com,A Voice for Men,https://avoiceformen.com/,low,https://mediabiasfactcheck.com/a-voice-for-men/,0.8,low,-,No
awarenessact.com,Awareness Act,https://awarenessact.com/,low,https://mediabiasfactcheck.com/awareness-act/,-0.9,low,Problematic,No
awazetribune.com,-,-,-,-,-,-,-,Yes
banned.video,Banned.nideo,https://banned.video/,very-low,https://mediabiasfactcheck.com/banned-video/,-0.9,low,Unverified,No
barenakedislam.com,Bare Naked Islam,https://barenakedislam.com/,low,https://mediabiasfactcheck.com/bare-naked-islam/,-0.9,low,Problematic,No
bb4sp.com,BB4SP,https://bb4sp.com/,low,https://mediabiasfactcheck.com/bb4sp/,-0.9,low,Problematic,No
beachbroadcastnews.com,Beach Broadcast,https://www.beachbroadcastnews.com/,very-low,https://mediabiasfactcheck.com/beach-broadcast-news-bias/,-,unknown,-,No
beckernews.com,Becker News,https://beckernews.com/,low,https://mediabiasfactcheck.com/becker-news/,-1,unknown,-,No
beehivebugle.com,-,-,-,-,-,-,-,Yes
beforeitsnews.com,Before It's News,https://beforeitsnews.com/,low,https://mediabiasfactcheck.com/before-its-news/,-0.8,low,Problematic,No
bestnewshere.com,Best News Here,https://bestnewshere.com/,very-low,https://mediabiasfactcheck.com/best-news-here/,-1,unknown,Unverified,No
betootaadvocate.com,-,-,-,-,-,-,-,Yes
bigamericannews.com,-,-,-,-,-,-,-,Yes
biggovernment.news,Big Government News,https://biggovernment.news/,very-low,https://mediabiasfactcheck.com/big-government-news/,0,low,Problematic,No
bigleaguepolitics.com,Big League Politics,https://bigleaguepolitics.com/,low,https://mediabiasfactcheck.com/big-league-politics/,-0.9,low,Problematic,No
billionbibles.org,BillionBibles.org,https://billionbibles.org/,very-low,https://mediabiasfactcheck.com/billionbibles-bias-credibility-christian-propaganda-fake-news/,0,low,-,No
biodefense.com,BioDefense,https://biodefense.com/,very-low,https://mediabiasfactcheck.com/biodefense/,0,low,Problematic,No
bipartisanreport.com,Bipartisan Report,https://bipartisanreport.com/,low,https://mediabiasfactcheck.com/bipartisan-report/,-0.1,low,Problematic,No
bitchute.com,BitChute,https://www.bitchute.com/,very-low,https://mediabiasfactcheck.com/bitchute/,-0.8,low,Unverified,No
blackeyepolitics.com,Black Eye Politics,https://blackeyepolitics.com/,low,https://mediabiasfactcheck.com/black-eye-politics-bias-credibility-rating/,0,low,-,No
blackgenocide.org,Black Genocide,https://blackgenocide.org/,low,https://mediabiasfactcheck.com/black-genocide/,-0.7,low,Problematic,No
blingnews.com,Blingnews.com,https://www.blingnews.com/,low,https://mediabiasfactcheck.com/blingnews-com/,-0.2,low,Problematic,No
bluntforcetruth.com,Blunt Force Truth,https://bluntforcetruth.com/,low,https://mediabiasfactcheck.com/blunt-force-truth/,-0.8,low,Unverified,No
bonsens.info,BonSens,https://bonsens.info/,low,https://mediabiasfactcheck.com/bonsens/,-,low,-,No
borowitzreport.com,-,-,-,-,-,-,-,Yes
bostontribune.com,-,-,-,-,-,-,-,Yes
brandnewtube.com,Brand New Tube,https://brandnewtube.com/,very-low,https://mediabiasfactcheck.com/brand-new-tube/,-0.8,unknown,-,No
breaking911.com,Breaking911,https://breaking911.com/,very-low,https://mediabiasfactcheck.com/breaking911/,-0.5,low,Verified,No
breakingchristiannews.com,Breaking Christian News,https://breakingchristiannews.com/,low,https://mediabiasfactcheck.com/breaking-christian-news/,0.3,low,Problematic,No
breakingfirst.com,Breaking First,https://breakingfirst.com/,low,https://mediabiasfactcheck.com/breaking-first/,0,low,-,No
breakingnews247.net,Breakingnews247.net,http://www.breakingnews247.net/,low,https://mediabiasfactcheck.com/breakingnews247-net/,-,low,-,No
brighteon.com,Brighteon,https://www.brighteon.com/,very-low,https://mediabiasfactcheck.com/brighteon/,-0.8,unknown,Problematic,No
britainfirst.org,Britain First,https://www.britainfirst.org/,low,https://mediabiasfactcheck.com/britain-first/,-0.6,low,-,No
bugout.news,Bugout.news,https://bugout.news/,very-low,https://mediabiasfactcheck.com/bugout-news/,0,low,Problematic,No
burrardstreetjournal.com,-,-,-,-,-,-,-,Yes
callthecops.net,-,-,-,-,-,-,-,Yes
campusinsanity.com,CampusInsanity,https://campusinsanity.com/,very-low,https://mediabiasfactcheck.com/campusinsanity-com/,0,low,Problematic,No
canadafreepress.com,Canada Free Press,https://canadafreepress.com/,low,https://mediabiasfactcheck.com/canada-free-press/,-0.6,low,Problematic,No
cancer.news,Cancer.news,https://cancer.news/,very-low,https://mediabiasfactcheck.com/cancer-news/,0,low,Problematic,No
cap-news.com,Cap News,https://cap-news.com/,very-low,https://mediabiasfactcheck.com/cap-news/,-0.8,low,Problematic,No
carm.org,Christian Apologetics & Research Ministry (CARM),https://carm.org/,low,https://mediabiasfactcheck.com/christian-apologetics-research-ministry-carm/,0.5,low,Problematic,No
cei.org,Competitive Enterprise Institute,https://cei.org/,low,https://mediabiasfactcheck.com/competitive-enterprise-institute/,0.3,low,-,No
celebtricity.com,-,-,-,-,-,-,-,Yes
censored.news,Censored.news,https://censored.news/,low,https://mediabiasfactcheck.com/censored-news/,-0.6,low,-,No
cfact.org,The Committee for a Constructive Tomorrow (CFACT),https://www.cfact.org/,low,https://mediabiasfactcheck.com/committee-constructive-tomorrow-cfact-org/,0.2,low,Problematic,No
chaser.com.au,-,-,-,-,-,-,-,Yes
childrenshealthdefense.org,Children's Health Defense,https://childrenshealthdefense.org/,low,https://mediabiasfactcheck.com/childrens-health-defense/,-0.8,low,Problematic,No
chlorellafactor.com,Chlorella Factor,https://chlorellafactor.com/,very-low,https://mediabiasfactcheck.com/chlorellafactor-com/,0,low,Problematic,No
christianaction.org,Christian Action Network,https://christianaction.org/,low,https://mediabiasfactcheck.com/christian-action-network/,0,low,-,No
christianscience.com,Christian Science,https://www.christianscience.com/,low,https://mediabiasfactcheck.com/christian-science/,0.2,low,Problematic,No
christiansfortruth.com,Christians for Truth,https://christiansfortruth.com/,very-low,https://mediabiasfactcheck.com/christians-for-truth/,-1,low,-,No
christwire.org,-,-,-,-,-,-,-,Yes
chronicle.su,-,-,-,-,-,-,-,Yes
cityworldnews.com,CityWorldNews,http://cityworldnews.com/,very-low,https://mediabiasfactcheck.com/cityworldnews/,-0.9,low,-,No
clarionproject.org,Clarion Project,https://clarionproject.org/,low,https://mediabiasfactcheck.com/clarion-project/,0.2,low,-,No
clashdaily.com,Clash Daily,https://clashdaily.com/,low,https://mediabiasfactcheck.com/clash-daily/,-0.8,low,Problematic,No
clickhole.com,-,-,-,-,-,-,-,Yes
climate.news,Climate.News,https://climate.news/,very-low,https://mediabiasfactcheck.com/climate-news/,0,low,-,No
climatechangedispatch.com,Climate Change Dispatch,https://climatechangedispatch.com/,low,https://mediabiasfactcheck.com/climate-change-dispatch/,-0.1,low,Problematic,No
climatism.blog,Climatism,https://climatism.blog/,low,https://mediabiasfactcheck.com/climatism/,0,low,Problematic,No
cloverchronicle.com,Clover Chronicle,https://cloverchronicle.com/,low,https://mediabiasfactcheck.com/clover-chronicle-bias-credibility-fake-news/,0,low,-,No
cnnsofake.news,CNN So Fake News,https://cnnsofake.news/,very-low,https://mediabiasfactcheck.com/cnn-so-fake-news/,-,unknown,-,No
cnsnews.com,CNS News,https://www.cnsnews.com/,low,https://mediabiasfactcheck.com/cns-news/,-0.7,low,Verified,No
coasttocoastam.com,Coast to Coast AM,https://www.coasttocoastam.com/,low,https://mediabiasfactcheck.com/coast-to-coast-am/,-0.1,low,Problematic,No
collapse.news,Collapse.News,https://collapse.news/,very-low,https://mediabiasfactcheck.com/collapse-news/,0,low,-,No
collective-evolution.com,Collective Evolution,https://www.collective-evolution.com/,low,https://mediabiasfactcheck.com/collective-evolution/,-0.6,low,Problematic,No
concernedwomen.org,Concerned Women for America,https://concernedwomen.org/,low,https://mediabiasfactcheck.com/concerned-women-america/,-0.4,unknown,-,No
conservativeammo.com,Conservative Ammo,https://conservativeammo.com/,low,https://mediabiasfactcheck.com/conservative-ammo/,0,low,-,No
conservativebeaver.com,Conservative Beaver,https://www.conservativebeaver.com/,very-low,https://mediabiasfactcheck.com/conservative-beaver/,-1,unknown,-,No
conservativedailypost.com,Conservative Daily Post,https://conservativedailypost.com/,low,https://mediabiasfactcheck.com/conservative-daily-post/,-1,low,Problematic,No
conservativefreepress.com,Conservative Free Press,https://www.conservativefreepress.com/,low,https://mediabiasfactcheck.com/conservative-free-press/,0,low,-,No
conservativeplaylist.com,Conservative Playlist,https://conservativeplaylist.com/,low,https://mediabiasfactcheck.com/conservative-playlist/,-0.6,unknown,-,No
conservativepost.com,Conservative Post,https://conservativepost.com/,low,https://mediabiasfactcheck.com/conservative-post/,-0.8,low,Problematic,No
conspiracydailyupdate.com,Conspiracy Daily Update,https://conspiracydailyupdate.com/,very-low,https://mediabiasfactcheck.com/conspiracy-daily-update/,-1,low,Problematic,No
consumerwellness.org,Consumer Wellness Center,https://consumerwellness.org/,very-low,https://mediabiasfactcheck.com/consumer-wellness-center/,0.3,unknown,-,No
corbettreport.com,The Corbett Report,https://www.corbettreport.com/,low,https://mediabiasfactcheck.com/the-corbett-report/,-0.9,low,Problematic,No
corona-transition.org,Corona Transition,https://corona-transition.org/,low,https://mediabiasfactcheck.com/corona-transition/,0.4,unknown,-,No
cosmicintelligenceagency.com,Cosmic Intelligence Agency,https://cosmicintelligenceagency.com/,low,https://mediabiasfactcheck.com/cosmic-intelligence-agency/,0,low,Problematic,No
counterthink.com,CounterThink.com,https://counterthink.com/,very-low,https://mediabiasfactcheck.com/counterthink-com/,0,low,-,No
covid19criticalcare.com,FLCCC Alliance,https://covid19criticalcare.com/,low,https://mediabiasfactcheck.com/front-line-covid-19-critical-care-alliance-flccc-bias/,-0.6,unknown,-,No
creambmp.com,-,-,-,-,-,-,-,Yes
creation.com,Christian Ministries International,https://creation.com/,low,https://mediabiasfactcheck.com/christian-ministries-international/,0.2,low,Problematic,No
crystalair.com,-,-,-,-,-,-,-,Yes
csglobe.com,CS Globe,https://csglobe.com/,low,https://mediabiasfactcheck.com/cs-globe/,-0.9,low,Problematic,No
curiousmindmagazine.com,Curious Mind Magazine,https://curiousmindmagazine.com/,low,https://mediabiasfactcheck.com/curious-mind-magazine/,0,low,Problematic,No
dagospia.com,Dagospia,https://www.dagospia.com/,low,https://mediabiasfactcheck.com/dagospia-bias/,0.7,unknown,-,No
dailybuzzlive.com,Daily Buzz Live,https://dailybuzzlive.com/,very-low,https://mediabiasfactcheck.com/daily-buzz-live/,-1,low,Problematic,No
dailycurrant.com,-,-,-,-,-,-,-,Yes
dailydiscord.com,-,-,-,-,-,-,-,Yes
dailyexpose.co.uk,The Daily Expose,https://dailyexpose.co.uk/,very-low,https://mediabiasfactcheck.com/the-daily-expose/,0,unknown,-,No
dailyheadlines.net,Daily Headlines,https://dailyheadlines.net/,low,https://mediabiasfactcheck.com/daily-headlines/,-1,low,Unverified,No
dailyhealthpost.com,DailyHealthPost,https://dailyhealthpost.com/,low,https://mediabiasfactcheck.com/dailyhealthpost/,-0.7,low,Problematic,No
dailyleak.org,-,-,-,-,-,-,-,Yes
dailymail.co.uk,Daily Mail,https://www.dailymail.co.uk/ushome/index.html,low,https://mediabiasfactcheck.com/daily-mail/,-,unknown,-,No
dailyoccupation.com,Daily Occupation,https://dailyoccupation.com/,low,https://mediabiasfactcheck.com/daily-occupation/,-1,low,Problematic,No
dailysceptic.org,Daily Sceptic,https://dailysceptic.org/,very-low,https://mediabiasfactcheck.com/daily-sceptic-bias/,0.1,unknown,-,No
dailysnark.com,-,-,-,-,-,-,-,Yes
dailysquib.co.uk,-,-,-,-,-,-,-,Yes
dailystormer.su,Daily Stormer,https://dailystormer.su/,very-low,https://mediabiasfactcheck.com/daily-stormer/,-0.6,unknown,Unverified,No
dailysurge.com,Daily Surge,https://dailysurge.com/,low,https://mediabiasfactcheck.com/daily-surge/,-1,medium,Problematic,No
dandygoat.com,-,-,-,-,-,-,-,Yes
darkjournalist.com,Dark Journalist,https://darkjournalist.com/,low,https://mediabiasfactcheck.com/dark-journalist/,0,low,Problematic,No
dataasylum.com,Data Asylum,https://www.dataasylum.com/,low,https://mediabiasfactcheck.com/data-asylum/,-1,low,Problematic,No
davidharrisjr.com,David Harris Jr,https://davidharrisjr.com/,low,https://mediabiasfactcheck.com/davidharrisjr-com/,-1,low,Verified,No
davidicke.com,David Icke,https://www.davidicke.com/,very-low,https://mediabiasfactcheck.com/david-icke/,-0.8,low,Problematic,No
dcclothesline.com,The DC Clothesline,https://www.dcclothesline.com/,low,https://mediabiasfactcheck.com/the-d-c-clothesline/,-0.6,low,Problematic,No
dcdirtylaundry.com,DC Dirty Laundry,https://dcdirtylaundry.com/,very-low,https://mediabiasfactcheck.com/dc-dirty-laundry/,0,low,Problematic,No
dcgazette.com,DC Gazette,https://dcgazette.com/,low,https://mediabiasfactcheck.com/dc-gazette/,-0.9,low,Problematic,No
de.rt.com,RT DE,https://de.rt.com/,very-low,https://mediabiasfactcheck.com/rt-de-rt-news-germany-bias/,0,unknown,-,No
defconnews.com,Def-Con News,https://defconnews.com/,low,https://mediabiasfactcheck.com/def-con-news-bias/,-,low,Unverified,No
defendingtherepublic.org,Defending the Republic,https://defendingtherepublic.org/,very-low,https://mediabiasfactcheck.com/defending-the-republic-bias/,-,unknown,-,No
defiantamerica.com,Defiant America,https://defiantamerica.com/,low,https://mediabiasfactcheck.com/defiant-america/,0,low,-,No
deplorablekel.com,Deplorable Kel,https://deplorablekel.com/,low,https://mediabiasfactcheck.com/deplorable-kel/,0,low,-,No
derfmagazine.com,-,-,-,-,-,-,-,Yes
der-postillon.com,-,-,-,-,-,-,-,Yes
digifection.com,The Times of America,https://www.digifection.com/,low,https://mediabiasfactcheck.com/the-times-of-america/,-1,unknown,-,No
disclose.tv,Disclose TV,https://www.disclose.tv/,low,https://mediabiasfactcheck.com/disclose-tv/,-0.8,low,Problematic,No
disclose.tv,-,-,-,-,-,-,-,Yes
discoverthenetworks.org,Discover the Networks,https://www.discoverthenetworks.org/,low,https://mediabiasfactcheck.com/discover-the-networks/,0.5,low,-,No
discovery.org,Discovery Institute,https://www.discovery.org/,low,https://mediabiasfactcheck.com/discovery-institute/,0.1,low,Problematic,No
distributednews.com,Hang The Censors,https://distributednews.com/,very-low,https://mediabiasfactcheck.com/distributed-news/,-1,low,-,No
diversitychronicle.wordpress.com,-,-,-,-,-,-,-,Yes
djhjmedia.com,BitChute,https://djhjmedia.com/,low,https://mediabiasfactcheck.com/djhj-media/,-0.8,low,Unverified,No
doctors4covidethics.org,Doctors for Covid Ethics,https://doctors4covidethics.org/,very-low,https://mediabiasfactcheck.com/doctors-for-covid-ethics/,-0.3,unknown,-,No
donaldjtrump.com,Save America,https://www.donaldjtrump.com/,low,https://mediabiasfactcheck.com/donaldjtrump-com/,-0.6,unknown,Unverified,No
drnorthrup.com,DrNorthrup.com,https://www.drnorthrup.com/,low,https://mediabiasfactcheck.com/drnorthrup-com/,0.2,unknown,-,No
duffleblog.com,-,-,-,-,-,-,-,Yes
duhprogressive.com,-,-,-,-,-,-,-,Yes
earthpulse.com,Earthpulse Press,https://earthpulse.com/,low,https://mediabiasfactcheck.com/earthpulse-press/,0.2,low,Problematic,No
echocheck.org,Echo Check,https://echocheck.org/,very-low,https://mediabiasfactcheck.com/echo-check/,-1,unknown,-,No
ecology.news,Ecology News,https://ecology.news/,very-low,https://mediabiasfactcheck.com/ecology-news/,0,low,-,No
educate-yourself.org,Educate Yourself,https://educate-yourself.org/,very-low,https://mediabiasfactcheck.com/educate-yourself/,-0.2,low,Problematic,No
electroverse.net,Electroverse,https://electroverse.net/,low,https://mediabiasfactcheck.com/electroverse/,0,low,Unverified,No
elkoshary.com,-,-,-,-,-,-,-,Yes
elmundotoday.com,-,-,-,-,-,-,-,Yes
empireherald.com,Empire Herald,https://empireherald.com/,low,https://mediabiasfactcheck.com/empire-herald/,-1,low,Problematic,No
empiresports.co,-,-,-,-,-,-,-,Yes
empiresports.co,-,-,-,-,-,-,-,Yes
en.metapedia.org,Metapedia,https://en.metapedia.org/,low,https://mediabiasfactcheck.com/metapedia/,-0.4,low,-,No
en.newsner.com,Newsner,https://en.newsner.com/,very-low,https://mediabiasfactcheck.com/newsner/,0,unknown,-,No
endthefed.org,End the Fed,https://endthefed.org/,low,https://mediabiasfactcheck.com/end-the-fed/,0,low,-,No
en-volve.com,En-volve,https://en-volve.com/,very-low,https://mediabiasfactcheck.com/en-volve/,-1,low,Problematic,No
escapeallthesethings.com,Escape all these Things,https://escapeallthesethings.com/,low,https://mediabiasfactcheck.com/escape-all-these-things/,0.4,low,Problematic,No
eugenics.news,Eugenics.News,https://eugenics.news/,very-low,https://mediabiasfactcheck.com/eugenics-news/,0,low,Problematic,No
europereloaded.com,Europe Reloaded,https://www.europereloaded.com/,low,https://mediabiasfactcheck.com/europe-reloaded/,-,unknown,-,No
eutimes.net,The European Union Times,https://eutimes.net/,low,https://mediabiasfactcheck.com/the-european-union-times/,-0.1,low,Problematic,No
everylegalvote.com,Every Legal Vote,https://everylegalvote.com/,low,https://mediabiasfactcheck.com/every-legal-vote/,0,unknown,-,No
evil.news,Evil.News,https://evil.news/,low,https://mediabiasfactcheck.com/evil-news/,0,unknown,-,No
evolutionnews.org,Evolution News and Views,https://evolutionnews.org/,low,https://mediabiasfactcheck.com/evolution-news-and-views/,0.1,low,Problematic,No
explainlife.com,Explain Life,https://explainlife.com/,very-low,https://mediabiasfactcheck.com/explain-life/,-1,unknown,Unverified,No
fairus.org,The Federation for American Immigration Reform,https://www.fairus.org/,low,https://mediabiasfactcheck.com/the-federation-for-american-immigration-reform-fair/,0.2,unknown,-,No
fellowshipoftheminds.com,Fellowship of the Minds,https://fellowshipoftheminds.com/,low,https://mediabiasfactcheck.com/fellowship-of-the-minds/,-0.9,low,Problematic,No
fmobserver.com,-,-,-,-,-,-,-,Yes
focusonthefamily.com,Focus on the Family,https://www.focusonthefamily.com/,low,https://mediabiasfactcheck.com/focus-on-the-family/,0.7,low,Unverified,No
fognews.ru,-,-,-,-,-,-,-,Yes
food.news,Food.News,https://food.news/,very-low,https://mediabiasfactcheck.com/food-news/,0,low,-,No
foreverconscious.com,Forever Conscious,https://foreverconscious.com/,low,https://mediabiasfactcheck.com/forever-conscious/,0.3,low,Problematic,No
fortherightnews.com,For the Right News,https://www.fortherightnews.com/,low,https://mediabiasfactcheck.com/for-the-right-news/,0,low,-,No
fr.sputniknews.com,Sputnik France,https://fr.sputniknews.com/,very-low,https://mediabiasfactcheck.com/sputnik-news-agency-france-bias/,0,low,Problematic,No
frankspeech.com,Frank Speech,https://www.frankspeech.com/,very-low,https://mediabiasfactcheck.com/frank-speech-mike-lindell/,0.6,unknown,-,No
frc.org,Family Research Council,https://frc.org/,low,https://mediabiasfactcheck.com/family-research-council/,0.2,low,Unverified,No
freedom.news,Freedom.News,https://freedom.news/,very-low,https://mediabiasfactcheck.com/freedom-news/,0,low,Problematic,No
freedomadvocates.org,Freedom Advocates,https://www.freedomadvocates.org/,low,https://mediabiasfactcheck.com/freedom-advocates-agenda-21/,0,low,Problematic,No
freedomainradio.com,Freedomain Radio,https://www.freedomainradio.com/,low,https://mediabiasfactcheck.com/freedomain-radio/,-0.3,low,Problematic,No
freedomdaily.com,Freedom Daily,https://www.freedomdaily.com/,low,https://mediabiasfactcheck.com/freedom-daily/,-1,low,Problematic,No
freedomfirstnetwork.com,Freedom First Network,https://freedomfirstnetwork.com/,low,https://mediabiasfactcheck.com/freedom-first-network/,-0.6,unknown,-,No
freedomproject.com,FreedomProject Media,https://freedomproject.com/,low,https://mediabiasfactcheck.com/freedomproject-media/,0.1,unknown,Unverified,No
freepatriot.org,-,-,-,-,-,-,-,Yes
free-speechfront.info,Free-Speech Front,http://www.free-speechfront.info/,low,https://mediabiasfactcheck.com/free-speech-front/,-0.6,unknown,-,No
freewoodpost.com,-,-,-,-,-,-,-,Yes
freeworldnews.tv,Banned.Video,https://freeworldnews.tv/,very-low,https://mediabiasfactcheck.com/freeworldnews-tv/,0,unknown,-,No
friatider.se,Fria Tider,https://www.friatider.se/,low,https://mediabiasfactcheck.com/fria-tider-free-times/,-0.8,unknown,-,No
fridaymash.com,-,-,-,-,-,-,-,Yes
fromthetrenchesworldreport.com,From the Trenches World Report,https://fromthetrenchesworldreport.com/,low,https://mediabiasfactcheck.com/from-the-trenches-world-report/,-0.5,low,Problematic,No
frontpagemag.com,FrontPage Magazine,https://www.frontpagemag.com/,low,https://mediabiasfactcheck.com/frontpage-magazine/,-0.7,low,Problematic,No
fury.news,Fury News,https://www.fury.news/,very-low,https://mediabiasfactcheck.com/fury-news/,0,low,Unverified,No
gaia.com,Gaia,https://www.gaia.com/,low,https://mediabiasfactcheck.com/gaia/,0,low,Problematic,No
gellerreport.com,Geller Report,https://gellerreport.com/,low,https://mediabiasfactcheck.com/geller-report/,-1,low,Problematic,No
gender.news,Gender.news,https://gender.news/,very-low,https://mediabiasfactcheck.com/gender-news-bias/,-,unknown,-,No
geoengineering.news,Geoengineering.News,https://geoengineering.news/,very-low,https://mediabiasfactcheck.com/geoengineering-news/,0,low,-,No
geoengineeringwatch.org,GeoEngineering Watch,https://www.geoengineeringwatch.org/,low,https://mediabiasfactcheck.com/geoengineering-watch/,-0.6,low,Problematic,No
geopol.institute,Geopolitical Studies Institute,https://geopol.institute/,low,https://mediabiasfactcheck.com/national-policy-institute/,0,unknown,-,No
getholistichealth.com,Get Holistic Health,https://www.getholistichealth.com/,low,https://mediabiasfactcheck.com/get-holistic-health/,-0.9,low,Problematic,No
gettr.com,GETTR,https://gettr.com/,low,https://mediabiasfactcheck.com/gettr/,-0.6,unknown,-,No
glitch.news,Glitch.News,https://glitch.news/,very-low,https://mediabiasfactcheck.com/glitch-news/,0.2,low,-,No
globalinfotoday.com,Global Info Today,https://globalinfotoday.com/,low,https://mediabiasfactcheck.com/global-info-today/,0,low,-,No
globalresearch.ca,Global Research,https://www.globalresearch.ca/,low,https://mediabiasfactcheck.com/global-research/,-0.8,low,Problematic,No
globalskywatch.com,Global Skywatch,https://globalskywatch.com/,low,https://mediabiasfactcheck.com/global-skywatch/,0,low,-,No
globemagazine.com,Globe Magazine,https://www.globemagazine.com/,very-low,https://mediabiasfactcheck.com/globe-magazine/,0.2,low,-,No
glossynews.com,-,-,-,-,-,-,-,Yes
gmo.news,GMO.News,https://gmo.news/,very-low,https://mediabiasfactcheck.com/gmo-news/,-0.2,low,-,No
gnews.org,Gnews,https://gnews.org/,low,https://mediabiasfactcheck.com/gnews/,-0.6,low,Problematic,No
godandscience.org,Evidence for God from Science,https://godandscience.org/,low,https://mediabiasfactcheck.com/evidence-for-god-from-science/,0.7,low,Problematic,No
godlikeproductions.com,Godlike Productions,https://www.godlikeproductions.com/,low,https://mediabiasfactcheck.com/godlike-productions/,-0.7,low,Problematic,No
gomerblog.com,-,-,-,-,-,-,-,Yes
goodgopher.com,GoodGopher,https://goodgopher.com/,very-low,https://mediabiasfactcheck.com/goodgopher/,0,low,-,No
goodsciencing.com,Real Science,https://goodsciencing.com/,very-low,https://mediabiasfactcheck.com/real-science-goodsciencing-com-bias/,0.6,unknown,-,No
goop.com,Goop,https://goop.com/,low,https://mediabiasfactcheck.com/goop/,0.6,low,Unverified,No
gotquestions.org,Got Questions,https://www.gotquestions.org/,low,https://mediabiasfactcheck.com/got-questions-gotquestions-org/,0.8,low,Problematic,No
govtslaves.com,Government Slaves,https://govtslaves.com/,low,https://mediabiasfactcheck.com/government-slaves/,0,low,Problematic,No
grainoftruth.ca,Grain of Truth,https://grainoftruth.ca/,very-low,https://mediabiasfactcheck.com/grain-of-truth/,0,low,-,No
greatamericandaily.com,Great American Daily,https://greatamericandaily.com/,low,https://mediabiasfactcheck.com/great-american-daily/,0,low,-,No
greatamericanrepublic.com,Great American Republic,https://greatamericanrepublic.com/,low,https://mediabiasfactcheck.com/allen-west-republic/,0,low,Unverified,No
greatreject.org,GreatReject,https://greatreject.org/,very-low,https://mediabiasfactcheck.com/greatreject/,-0.9,unknown,-,No
greenmedinfo.com,GreenMedInfo,https://www.greenmedinfo.com/,low,https://mediabiasfactcheck.com/greenmedinfo/,-0.6,low,Problematic,No
greenvillegazette.com,Greenville Gazette,https://www.greenvillegazette.com/,low,https://mediabiasfactcheck.com/greenville-gazette/,0,unknown,Unverified,No
gulagbound.com,Gulag Bound,https://gulagbound.com/,low,https://mediabiasfactcheck.com/gulag-bound/,-0.3,low,Problematic,No
hagmannreport.com,Hagmann Report,https://www.hagmannreport.com/,low,https://mediabiasfactcheck.com/the-hagmann-report/,0.2,unknown,-,No
halturnerradioshow.com,Hal Turner Radio Show,https://halturnerradioshow.com/index.php/en/,very-low,https://mediabiasfactcheck.com/hal-turner-radio-show/,-0.6,low,Unverified,No
hangthebankers.com,Hang The Bankers,https://hangthebankers.com/,low,https://mediabiasfactcheck.com/hang-the-bankers/,-0.8,low,-,No
hannity.com,Sean Hannity,https://hannity.com/,low,https://mediabiasfactcheck.com/hannity-com/,-0.1,low,Verified,No
healingfoodreference.com,Healing Food Reference,https://healingfoodreference.com/,very-low,https://mediabiasfactcheck.com/healing-food-reference/,0.5,low,-,No
healingoracle.ch,Healing Oracle,https://healingoracle.ch/,very-low,https://mediabiasfactcheck.com/healing-oracle/,0,low,Problematic,No
health.news,Health.News,https://health.news/,very-low,https://mediabiasfactcheck.com/health-news/,0,low,Problematic,No
healthimpactnews.com,Health Impact News,https://healthimpactnews.com/,very-low,https://mediabiasfactcheck.com/health-impact-news/,-0.8,low,Problematic,No
healthnutnews.com,Health Nut News,https://www.healthnutnews.com/,very-low,https://mediabiasfactcheck.com/health-nut-news/,-0.9,low,Problematic,No
healthranger.com,The Health Ranger,https://healthranger.com/,very-low,https://mediabiasfactcheck.com/the-health-ranger/,-0.1,low,-,No
healthrangerreport.com,Health Ranger Report,https://healthrangerreport.com/,very-low,https://mediabiasfactcheck.com/health-ranger-report/,0,low,Problematic,No
healthyfoodhouse.com,Healthy Food House,https://www.healthyfoodhouse.com/,low,https://mediabiasfactcheck.com/healthy-food-house/,-0.3,low,Problematic,No
healthy-holistic-living.com,Healthy Holistic Living,https://www.healthy-holistic-living.com/,low,https://mediabiasfactcheck.com/healthy-holistic-living/,-0.9,low,Problematic,No
heartland.org,Heartland Institute,https://heartland.org/,low,https://mediabiasfactcheck.com/heartland-institute/,-0.3,low,Unverified,No
herbreference.com,Herbreference.com,https://herbreference.com/,very-low,https://mediabiasfactcheck.com/herbreference-com/,0,low,-,No
hoggwatch.com,Hogg Watch,https://hoggwatch.com/,low,https://mediabiasfactcheck.com/hogg-watch/,0,low,-,No
holyobserver.com,-,-,-,-,-,-,-,Yes
homevaccineeducationnetwork.com,Home Vaccine Education Network,https://homevaccineeducationnetwork.com/,very-low,https://mediabiasfactcheck.com/home-vaccine-education-network-bias/,-,unknown,-,No
hsionline.com,Health Sciences Institute,https://hsionline.com/,low,https://mediabiasfactcheck.com/health-sciences-institute/,0,low,Problematic,No
humansarefree.com,Humans are Free,https://humansarefree.com/,low,https://mediabiasfactcheck.com/humans-are-free/,-0.6,low,Problematic,No
humortimes.com,-,-,-,-,-,-,-,Yes
huzlers.com,-,-,-,-,-,-,-,Yes
iceagenow.info,Ice Age Now,https://www.iceagenow.info/,low,https://mediabiasfactcheck.com/ice-age-now/,0.2,low,Problematic,No
icr.org,Institute for Creation Research (IRC),https://www.icr.org/,very-low,https://mediabiasfactcheck.com/institute-for-creation-research-icr/,-0.2,low,-,No
ihatethemedia.com,I Hate the Media,https://www.ihatethemedia.com/,low,https://mediabiasfactcheck.com/i-hate-the-media/,0.5,low,-,No
ihealthtube.com,iHealthtube.com,https://ihealthtube.com/,low,https://mediabiasfactcheck.com/ihealthtube/,0.4,low,Problematic,No
ihr.org,Institute for Historical Review (IHR),https://ihr.org/,very-low,https://mediabiasfactcheck.com/institute-for-historical-review/,-0.2,low,-,No
illicitinfo.com,Illicit Info,https://illicitinfo.com/,low,https://mediabiasfactcheck.com/illicit-info/,0,low,-,No
illuminatiwatcher.com,Illuminati Watcher,https://illuminatiwatcher.com/,low,https://mediabiasfactcheck.com/illuminati-watcher/,-0.9,low,Problematic,No
ilovemyfreedom.org,I Love My Freedom,https://ilovemyfreedom.org/,very-low,https://mediabiasfactcheck.com/i-love-my-freedom/,-1,low,-,No
infiniteunknown.net,Infinite Unknown,https://infiniteunknown.net/,low,https://mediabiasfactcheck.com/infinite-unknown/,-0.5,low,Problematic,No
infogalactic.com,InfoGalactic,https://infogalactic.com/info/Main_Page,low,https://mediabiasfactcheck.com/infogalactic/,0,low,-,No
informationliberation.com,Information Liberation,https://www.informationliberation.com/,low,https://mediabiasfactcheck.com/information-liberation/,-0.9,unknown,Problematic,No
inforos.ru,InfoRos.ru,https://inforos.ru/,low,https://mediabiasfactcheck.com/inforos/,0.2,low,-,No
infowars.com,Infowars,https://www.infowars.com/,very-low,https://mediabiasfactcheck.com/infowars-alex-jones/,-0.9,low,Problematic,No
ingredients.news,Ingredients.News,https://ingredients.news/,very-low,https://mediabiasfactcheck.com/ingredients-news/,0,low,-,No
intellihub.com,Intellihub,https://www.intellihub.com/,low,https://mediabiasfactcheck.com/intellihub/,-0.7,low,Problematic,No
iowaclimate.org,Iowa Climate Science Education,https://iowaclimate.org/,low,https://mediabiasfactcheck.com/iowa-climate-science-education/,0,low,Problematic,No
ironictimes.com,-,-,-,-,-,-,-,Yes
islamicanews.com,-,-,-,-,-,-,-,Yes
israelislamandendtimes.com,"Israel, Islam and End Times",https://www.israelislamandendtimes.com/,low,https://mediabiasfactcheck.com/israel-islam-end-times/,0,low,Problematic,No
it.sputniknews.com,Sputnik Italia,https://it.sputniknews.com/,very-low,https://mediabiasfactcheck.com/sputnik-news-agency-italia-bias/,0.3,low,Problematic,No
jedanews.com,Jeda News,https://www.jedanews.com/,low,https://mediabiasfactcheck.com/jeda-news/,-,medium,-,No
jesusdaily.com,Jesus Daily,https://www.jesusdaily.com/,low,https://mediabiasfactcheck.com/jesus-daily/,0.6,low,Problematic,No
jesus-is-savior.com,Jesus is Savior,https://jesus-is-savior.com/,very-low,https://mediabiasfactcheck.com/jesus-is-savior/,-0.3,low,Problematic,No
joebiden.news,Joe Biden News,https://joebiden.news/,very-low,https://mediabiasfactcheck.com/joebiden-news/,0,low,-,No
johnnyrobish.com,-,-,-,-,-,-,-,Yes
judicialwatch.org,Judicial Watch,https://www.judicialwatch.org/,low,https://mediabiasfactcheck.com/judicial-watch/,0.2,low,Unverified,No
junkscience.com,JunkScience.com,https://junkscience.com/,low,https://mediabiasfactcheck.com/junkscience-com/,0.3,low,Problematic,No
knowledgeoftoday.org,Knowledge of Today,https://www.knowledgeoftoday.org/,low,https://mediabiasfactcheck.com/knowledge-of-today/,-0.5,low,-,No
landoverbaptist.org,-,-,-,-,-,-,-,Yes
larouchepac.com,LaRouche PAC,https://larouchepac.com/,low,https://mediabiasfactcheck.com/larouche-pac/,0.4,low,Problematic,No
learntherisk.org,LearnTheRisk.org,https://learntherisk.org/,very-low,https://mediabiasfactcheck.com/learntherisk-org/,0,low,Problematic,No
leftaction.com,Left Action,https://leftaction.com/,low,https://mediabiasfactcheck.com/left-action/,0.5,low,Unverified,No
leftcult.com,LeftCult,https://leftcult.com/,very-low,https://mediabiasfactcheck.com/leftcult/,0,low,-,No
leftexposed.org,Left Exposed,https://leftexposed.org/,low,https://mediabiasfactcheck.com/left-exposed/,0,low,-,No
lesmoutonsrebelles.com,Moutons Rebelles,https://lesmoutonsrebelles.com/,very-low,https://mediabiasfactcheck.com/les-moutons-rebelles-the-rebel-sheep-bias/,-1,unknown,Problematic,No
lewrockwell.com,Lew Rockwell,https://www.lewrockwell.com/,low,https://mediabiasfactcheck.com/lew-rockwell/,0.1,low,Unverified,No
liberalbias.com,-,-,-,-,-,-,-,Yes
liberaldarkness.com,-,-,-,-,-,-,-,Yes
liberty.news,Liberty.News,https://liberty.news/,very-low,https://mediabiasfactcheck.com/liberty-news-2/,0,low,-,No
libertybell.com,Liberty Bell,https://www.libertybell.com/,low,https://mediabiasfactcheck.com/liberty-bell/,-0.3,unknown,-,No
libertyhangout.org,Liberty Hangout,https://libertyhangout.org/,low,https://mediabiasfactcheck.com/liberty-hangout/,0,medium,Unverified,No
libertyplanets.com,Liberty Planet,https://www.libertyplanets.com/,very-low,https://mediabiasfactcheck.com/liberty-planet-bias/,-,unknown,-,No
libertyvideos.org,Liberty Videos,https://libertyvideos.org/,low,https://mediabiasfactcheck.com/liberty-videos/,-0.7,low,Problematic,No
libtards.news,Libtards.News,https://libtards.news/,very-low,https://mediabiasfactcheck.com/libtards-news/,0,low,-,No
lifenews.com,Life News,https://www.lifenews.com/,low,https://mediabiasfactcheck.com/life-news/,-0.7,medium,Verified,No
lifesitenews.com,Life Site News,https://www.lifesitenews.com/,low,https://mediabiasfactcheck.com/life-site-news/,-0.2,low,Unverified,No
lifespa.com,LifeSpa,https://lifespa.com/,low,https://mediabiasfactcheck.com/lifespa/,0,low,Problematic,No
lindelltv.com,Lindell TV,https://lindelltv.com/,very-low,https://mediabiasfactcheck.com/lindell-tv/,-1,unknown,-,No
londonwebnews.com,London Web News,https://londonwebnews.com/,low,https://mediabiasfactcheck.com/london-web-news/,0,low,Problematic,No
loonwatch.com,LoonWatch,https://www.loonwatch.com/,low,https://mediabiasfactcheck.com/loonwatch/,0,low,-,No
lushforlife.com,-,-,-,-,-,-,-,Yes
madworldnews.com,Mad World News,https://madworldnews.com/,low,https://mediabiasfactcheck.com/mad-world-news/,-0.7,low,Problematic,No
mainstreamfakemedia.com,Mainstream Fake Media,https://mainstreamfakemedia.com/,low,https://mediabiasfactcheck.com/mainstream-fake-media-bias/,-,unknown,-,No
mediafactwatch.com,Media Fact Watch,https://mediafactwatch.com/,very-low,https://mediabiasfactcheck.com/media-fact-watch/,0,low,Problematic,No
medicalkidnap.com,Medical Kidnap,https://medicalkidnap.com/,very-low,https://mediabiasfactcheck.com/medical-kidnap/,-1,low,Problematic,No
medicalmedium.com,Medical Medium,https://www.medicalmedium.com/,low,https://mediabiasfactcheck.com/medical-medium/,0.2,low,Problematic,No
medicine.news,Medicine News,https://medicine.news/,low,https://mediabiasfactcheck.com/medicine-news/,0,low,Problematic,No
meforum.org,Middle East Forum,https://www.meforum.org/,low,https://mediabiasfactcheck.com/middle-east-forum/,0.6,low,-,No
mercola.com,Mercola,https://www.mercola.com/,low,https://mediabiasfactcheck.com/mercola/,0,low,Problematic,No
merica1st.com,National Conservative,https://merica1st.com/,low,http://mediabiasfactcheck.com/council-of-concerned-citizens/,-0.6,unknown,-,No
micdroppolitics.com,Mic Drop Politics,https://www.micdroppolitics.com/,low,https://mediabiasfactcheck.com/mic-drop-politics-bias/,-,medium,Unverified,No
mixi.media,Mixi.Media,https://mixi.media/,low,https://mediabiasfactcheck.com/mixi-media/,0,low,-,No
moonbattery.com,MoonBattery,https://moonbattery.com/,low,https://mediabiasfactcheck.com/moonbattery/,0.6,low,-,No
mtonews.com,MTO News,https://mtonews.com/,low,https://mediabiasfactcheck.com/mto-news-bias/,0.6,unknown,Unverified,No
myrightamerica.com,My Right American,https://myrightamerica.com/,low,https://mediabiasfactcheck.com/my-right-american/,0,low,-,No
nahadaily.com,-,-,-,-,-,-,-,Yes
natall.com,National Alliance,https://natall.com/,very-low,https://mediabiasfactcheck.com/national-alliance/,-0.5,low,-,No
nationaleconomicseditorial.com,National Economics Editorial,https://nationaleconomicseditorial.com/,low,https://mediabiasfactcheck.com/national-economics-editorial/,0.2,low,-,No
nationalenquirer.com,National Enquirer,https://www.nationalenquirer.com/,low,https://mediabiasfactcheck.com/national-enquirer/,-0.7,low,Unverified,No
nationalfile.com,National File,https://nationalfile.com/,low,https://mediabiasfactcheck.com/national-file/,-0.7,low,Problematic,No
nationalinsiders.com,National Insiders,https://nationalinsiders.com/,low,https://mediabiasfactcheck.com/national-insiders-bias/,-,unknown,-,No
nationalreport.net,-,-,-,-,-,-,-,Yes
nationalrighttolifenews.org,NRL News Today,https://www.nationalrighttolifenews.org/,low,https://mediabiasfactcheck.com/nrl-news-today/,0.5,low,-,No
nationalsecurity.news,NationalSecurity.News,https://nationalsecurity.news/,very-low,https://mediabiasfactcheck.com/nationalsecurity-news/,0,low,-,No
nationalvanguard.org,National Vanguard,https://nationalvanguard.org/,very-low,https://mediabiasfactcheck.com/national-vanguard/,-0.4,low,Unverified,No
naturalmedicine.news,NaturalMedicine.News,https://naturalmedicine.news/,very-low,https://mediabiasfactcheck.com/naturalmedicine-news/,0,low,Problematic,No
naturalnews.com,Natural News,https://naturalnews.com/,very-low,https://mediabiasfactcheck.com/natural-news/,-0.9,low,Problematic,No
naturalnewsblogs.com,NaturalNewsBlogs,https://naturalnewsblogs.com/,very-low,https://mediabiasfactcheck.com/naturalnewsblogs/,-0.8,low,-,No
naturalnewsradio.com,Natural News Radio,https://naturalnewsradio.com/,very-low,https://mediabiasfactcheck.com/natural-news-radio/,0,low,Problematic,No
naturalpedia.com,NaturalPedia.com,https://naturalpedia.com/,very-low,https://mediabiasfactcheck.com/naturalpedia-com/,0,low,-,No
navarroreport.com,The Navarro Report,https://navarroreport.com/,low,https://mediabiasfactcheck.com/navarro-report/,0,unknown,-,No
ncscooper.com,-,-,-,-,-,-,-,Yes
needtoknow.news,Need to Know,https://needtoknow.news/,low,https://mediabiasfactcheck.com/need-to-know/,0,low,Problematic,No
neonnettle.com,Neon Nettle,https://neonnettle.com/,low,https://mediabiasfactcheck.com/neon-nettle/,-0.9,low,Problematic,No
newamericannews.com,New American News,https://newamericannews.com/,low,https://mediabiasfactcheck.com/new-american-news/,0,low,Problematic,No
newnation.org,New Nation News,http://newnation.org/,very-low,https://mediabiasfactcheck.com/new-nation-news/,-0.2,low,-,No
newsbiscuit.com,-,-,-,-,-,-,-,Yes
newsbreakers.org,-,-,-,-,-,-,-,Yes
newsexaminer.net,NewsExaminer.net,https://newsexaminer.net/,low,https://mediabiasfactcheck.com/newsexaminer-net/,-,low,-,No
newsfeedhunter.com,News Feed Hunter,https://newsfeedhunter.com/,low,https://mediabiasfactcheck.com/news-feed-hunter/,-1,low,Problematic,No
newsheist.com,News Heist,https://newsheist.com/,low,https://mediabiasfactcheck.com/news-heist/,0,medium,-,No
newshourfirst.com,News Hour First,https://newshourfirst.com/,low,https://mediabiasfactcheck.com/news-hour-first/,-0.6,unknown,-,No
newsinsideout.com,News Inside Out,https://newsinsideout.com/,low,https://mediabiasfactcheck.com/newsinsideout-com/,0,low,Problematic,No
newsmutiny.com,-,-,-,-,-,-,-,Yes
newspunch.com,News Punch,https://newspunch.com/,very-low,https://mediabiasfactcheck.com/news-punch/,-0.9,low,Problematic,No
newspushed.com,News Pushed,https://newspushed.com/,low,https://mediabiasfactcheck.com/news-pushed/,0,low,-,No
newstarget.com,News Target,https://newstarget.com/,low,https://mediabiasfactcheck.com/news-target/,-0.8,low,Problematic,No
newsthump.com,-,-,-,-,-,-,-,Yes
newstoad.net,-,-,-,-,-,-,-,Yes
newsview.gr,Newsview,https://www.newsview.gr/,very-low,https://mediabiasfactcheck.com/newsview/,-0.9,unknown,-,No
newswars.com,NewsWars,https://www.newswars.com/,low,https://mediabiasfactcheck.com/newswars/,-1,low,Unverified,No
newswithviews.com,News with Views,https://newswithviews.com/,low,https://mediabiasfactcheck.com/news-with-views/,-0.1,low,Unverified,No
newyorker.com/humor,-,-,-,-,-,-,-,Yes
noqreport.com,NOQ Report,https://noqreport.com/,low,https://mediabiasfactcheck.com/noq-report/,-0.6,medium,-,No
notallowedto.com,Not Allowed to,https://notallowedto.com/,low,https://mediabiasfactcheck.com/not-allowed-to/,-0.9,low,Problematic,No
notrickszone.com,NoTricksZone,https://notrickszone.com/,low,https://mediabiasfactcheck.com/notrickszone/,-0.8,low,Problematic,No
now8news.com,Now8News,https://now8news.com/,very-low,https://mediabiasfactcheck.com/now8news/,-1,low,Problematic,No
nowtheendbegins.com,Now The End Begins,https://www.nowtheendbegins.com/,low,https://mediabiasfactcheck.com/now-the-end-begins/,-0.7,low,Problematic,No
npr.news,NPR News,https://npr.news/,very-low,https://mediabiasfactcheck.com/npr-news-natural-news/,-0.6,low,-,No
nrlc.org,National Right to Life Committee,https://www.nrlc.org/,low,https://mediabiasfactcheck.com/national-right-to-life-committee-nrlc/,0.7,low,-,No
nutrientreference.com,NutrientReference.com,https://nutrientreference.com/,very-low,https://mediabiasfactcheck.com/nutrientreference-com/,0.2,low,-,No
nvic.org,National Vaccine Information Institute,https://www.nvic.org/,low,https://mediabiasfactcheck.com/national-vaccine-information-center-nvic/,-0.3,low,Problematic,No
oann.com,One America News Network,https://www.oann.com/,low,https://mediabiasfactcheck.com/one-america-news-network/,-0.4,medium,Problematic,No
oathkeepers.org,Oath Keepers,https://oathkeepers.org/,low,https://mediabiasfactcheck.com/oath-keepers/,-0.4,low,Unverified,No
objectiveministries.org,-,-,-,-,-,-,-,Yes
occupydemocrats.com,Occupy Democrats,https://occupydemocrats.com/,low,https://mediabiasfactcheck.com/occupy-democrats/,-0.2,low,Problematic,No
organicconsumers.org,Organic Consumers Association,https://www.organicconsumers.org/,low,https://mediabiasfactcheck.com/organic-consumers-association/,-0.1,low,Problematic,No
other98.com,The Other 98%,https://other98.com/,low,https://mediabiasfactcheck.com/the-other-98/,-0.1,unknown,-,No
outragedpatriot.com,Outraged Patriot,https://outragedpatriot.com/,low,https://mediabiasfactcheck.com/outraged-patriot/,0,unknown,-,No
oye.news,OYE News,https://oye.news/,low,https://mediabiasfactcheck.com/oye-news/,0,low,Problematic,No
pacificpundit.com,Pacific Pundit,https://www.pacificpundit.com/,low,https://mediabiasfactcheck.com/pacific-pundit/,0,low,-,No
pakalertpress.com,Pak Alert Press,https://www.pakalertpress.com/,low,https://mediabiasfactcheck.com/pak-alert-press/,-0.6,low,-,No
pandemic.news,Pandemic News,https://pandemic.news/,very-low,https://mediabiasfactcheck.com/pandemic-news/,0,low,Problematic,No
pantsonfirenews.com,Pants on Fire News,https://pantsonfirenews.com/,low,https://mediabiasfactcheck.com/pants-on-fire-news/,0,low,-,No
parler.com,Parler,https://parler.com/,low,https://mediabiasfactcheck.com/parler/,-0.7,unknown,Platform,No
patribotics.blog,Patribotics Blog,https://patribotics.blog/,low,https://mediabiasfactcheck.com/patribotics-blog/,-0.7,low,-,No
patriotfetch.com,Patriot Fetch,https://patriotfetch.com/,low,https://mediabiasfactcheck.com/patriot-fetch-bias/,0.6,unknown,-,No
patriotfires.com,Patriot Fires,https://www.patriotfires.com/,low,https://mediabiasfactcheck.com/patriot-fires/,0,low,-,No
patriotfront.us,Patriot Front,https://patriotfront.us/,very-low,https://mediabiasfactcheck.com/vanguard-america/,-1,low,-,No
patrioticviralnews.com,Patriotic Viral News,https://www.patrioticviralnews.com/,low,https://mediabiasfactcheck.com/patriotic-viral-news/,0,low,-,No
patriotnewsdaily.com,-,-,-,-,-,-,-,Yes
patriots4truth.org,Patriots For Truth,https://patriots4truth.org/,very-low,https://mediabiasfactcheck.com/patriots-for-truth/,-0.9,low,-,No
pcmustdie.com,PC Must Die News,https://pcmustdie.com/,low,https://mediabiasfactcheck.com/pc-must-die-news/,0,low,-,No
pdmj.org,Primary Doctor Medical Journal,https://pdmj.org/,very-low,https://mediabiasfactcheck.com/primary-doctor-medical-journal/,0,unknown,-,No
personalinterpretation.com,Personal Interpretation,https://www.personalinterpretation.com/,low,https://mediabiasfactcheck.com/personal-interpretation/,-0.6,unknown,-,No
personalliberty.com,Personal Liberty,https://personalliberty.com/,low,https://mediabiasfactcheck.com/personal-liberty/,0.5,low,Unverified,No
political-discussion.com,PoliticalDiscussion,http://www.political-discussion.com/,low,https://mediabiasfactcheck.com/politicaldiscussion/,-0.6,low,-,No
politicops.com,-,-,-,-,-,-,-,Yes
politicot.com,-,-,-,-,-,-,-,Yes
politicsonline.net,PoliticsOnline.Net,http://www.politicsonline.net/,low,https://mediabiasfactcheck.com/free-speech-time/,-1,unknown,Unverified,No
politifact.news,Poltifact News,https://politifact.news/,low,https://mediabiasfactcheck.com/politifact-news/,0,low,-,No
pollution.news,Pollution News,https://www.pollution.news/,very-low,https://mediabiasfactcheck.com/pollution-news/,0,low,-,No
pop.org,Population Research Institute,https://www.pop.org/,low,https://mediabiasfactcheck.com/population-research-institute/,0.2,low,-,No
populist.press,Populist Press,https://populist.press/,low,https://mediabiasfactcheck.com/populist-press/,-0.1,unknown,-,No
populistpress.com,Populist Press,https://populistpress.com/,low,https://mediabiasfactcheck.com/populist-press/,0.6,unknown,-,No
powderedwigsociety.com,Powdered Wig Society,https://powderedwigsociety.com/,low,https://mediabiasfactcheck.com/powdered-wig-society/,0,low,Problematic,No
prageru.com,PragerU,https://www.prageru.com/,low,https://mediabiasfactcheck.com/prageru/,-0.7,low,Unverified,No
pravdareport.com,Pravda Report,https://www.pravdareport.com/,very-low,https://mediabiasfactcheck.com/pravda-report/,-0.7,low,-,No
prepareforchange.net,Prepare for Change,https://prepareforchange.net/,low,https://mediabiasfactcheck.com/prepare-for-change/,0.2,low,Problematic,No
presscalifornia.com,Press California,https://presscalifornia.com/,very-low,https://mediabiasfactcheck.com/press-california-bias/,0,unknown,-,No
presstv.com,Press TV,https://www.presstv.com/,low,https://mediabiasfactcheck.com/press-tv/,-0.3,low,Problematic,No
principia-scientific.com,Principia Scientific,https://principia-scientific.com/,low,https://mediabiasfactcheck.com/principia-scientific-international/,0,unknown,Unverified,No
principia-scientific.org,Principia Scientific International,https://principia-scientific.org/,low,https://mediabiasfactcheck.com/principia-scientific-international/,0.1,low,Problematic,No
prisonplanet.com,Prison Planet,https://www.prisonplanet.com/,very-low,https://mediabiasfactcheck.com/prison-planet/,0.2,low,Problematic,No
prntly.com,Prntly,https://prntly.com/,low,https://mediabiasfactcheck.com/prntly/,-0.9,low,Problematic,No
profam.org,International Organization for the Family,https://profam.org/,low,https://mediabiasfactcheck.com/international-organization-for-the-family-iof/,0,unknown,-,No
progressivestoday.com,Progressives Today,https://progressivestoday.com/,low,https://mediabiasfactcheck.com/progressives-today/,-0.3,low,-,No
prophecynewswatch.com,Prophecy News Watch,http://prophecynewswatch.com/,low,https://mediabiasfactcheck.com/prophecy-news-watch/,0.5,low,Problematic,No
prophecytoday.com,Prophecy Today,https://prophecytoday.com/,low,https://mediabiasfactcheck.com/prophecy-today/,0.2,low,Problematic,No
protrumpnews.com,Pro Trump News,https://protrumpnews.com/,low,https://mediabiasfactcheck.com/pro-trump-news/,0.6,low,-,No
qanon.pub,Q,https://qanon.pub/,very-low,https://mediabiasfactcheck.com/qanon-pub/,-0.8,low,Problematic,No
rairfoundation.com,RAIR Foundation USA,https://rairfoundation.com/,low,https://mediabiasfactcheck.com/rair-foundation-usa/,0.6,unknown,-,No
randpaul.news,RandPaul.News,https://randpaul.news/,very-low,https://mediabiasfactcheck.com/randpaul-news/,-0.6,low,-,No
rapturenewsnetwork.com,Rapture News Network,https://www.rapturenewsnetwork.com/,low,https://mediabiasfactcheck.com/rapture-news-network/,0,low,Problematic,No
realclimatescience.com,Real Climate Science,https://realclimatescience.com/,low,https://mediabiasfactcheck.com/real-climate-science/,-0.8,low,Problematic,No
realconservativesunite.com,Real Conservatives Unite,https://realconservativesunite.com/,low,https://mediabiasfactcheck.com/real-conservatives-unite/,-,unknown,-,No
realfarmacy.com,REALfarmacy.com,https://realfarmacy.com/,low,https://mediabiasfactcheck.com/realfarmacy/,-0.6,low,Problematic,No
realjewnews.com,Real Jew News,https://realjewnews.com/,very-low,https://mediabiasfactcheck.com/real-jew-news/,0,low,Problematic,No
realnews24.com,Real News 24,http://www.realnews24.com/,low,https://mediabiasfactcheck.com/real-news-24/,0.2,low,Problematic,No
redice.tv,Red Ice TV,https://redice.tv/,low,https://mediabiasfactcheck.com/red-ice-tv/,-0.9,low,-,No
redpillpodcasts.com,RedPill Project,https://www.redpillpodcasts.com/,very-low,https://mediabiasfactcheck.com/redpill-project-bias/,-,unknown,-,No
redstatewatcher.com,Red State Watcher,http://redstatewatcher.com/,low,https://mediabiasfactcheck.com/red-state-watcher/,-1,low,Problematic,No
reductress.com,-,-,-,-,-,-,-,Yes
redvoicemedia.com,Red Voice Media,https://www.redvoicemedia.com/,low,https://mediabiasfactcheck.com/red-voice-media/,-0.6,unknown,-,No
redwhiteandright.com,"Red, White and Right",https://redwhiteandright.com/,low,https://mediabiasfactcheck.com/red-white-and-right/,0,low,-,No
reformedmedia.net,Reformed Media,https://reformedmedia.net/,low,https://mediabiasfactcheck.com/reformed-media-bias/,-,unknown,-,No
religionlo.com,-,-,-,-,-,-,-,Yes
remnantnewspaper.com,The Remnant Newspaper,https://remnantnewspaper.com/web/index.php,low,https://mediabiasfactcheck.com/the-remnant-magazine/,0.3,unknown,-,No
renewamerica.com,Renew America,https://www.renewamerica.com/,low,https://mediabiasfactcheck.com/renew-america/,-0.1,,-,No
rense.com,Rense,https://rense.com/,very-low,https://mediabiasfactcheck.com/rense/,0,low,Problematic,No
researchantisemitism.ca,Center for Research of Radicalism and National Security,http://researchantisemitism.ca/,low,https://mediabiasfactcheck.com/centre-for-research-of-radicalism-and-national-security-crrns/,0,low,-,No
returnofkings.com,Return of Kings,https://www.returnofkings.com/,low,https://mediabiasfactcheck.com/return-of-kings/,0,unknown,-,No
returntonow.net,Return to Now,https://returntonow.net/,low,https://mediabiasfactcheck.com/return-to-now/,0,low,Problematic,No
revolutionradio.org,Revolution Radio,http://revolutionradio.org/,low,https://mediabiasfactcheck.com/revolution-radio/,-0.8,low,Problematic,No
ria.ru,RIA Novosti,https://ria.ru/,low,https://mediabiasfactcheck.com/ria-novosti-bias/,0.7,unknown,-,No
righterway.com,Righter Way,https://righterway.com/,low,https://mediabiasfactcheck.com/righter-way/,0,low,-,No
rightsidenews.com,Right Side News,https://rightsidenews.com/,low,https://mediabiasfactcheck.com/right-side-news/,0.7,unknown,-,No
rightwing.news,Right Wing News,https://rightwing.news/,low,https://mediabiasfactcheck.com/right-wing-news-rightwing-news/,0,low,-,No
rightwingnews.com,Right Side News,https://rightwingnews.com/,low,https://mediabiasfactcheck.com/right-wing-news/,0.2,unknown,Unverified,No
rightwingtribune.com,Right Wing Tribune,https://rightwingtribune.com/,low,https://mediabiasfactcheck.com/right-wing-tribune/,-1,low,Problematic,No
rinf.com,RINF,https://rinf.com/alt-news/,low,https://mediabiasfactcheck.com/rinf/,0.1,low,-,No
ripostelaique.com,Riposte Laique,https://ripostelaique.com/,very-low,https://mediabiasfactcheck.com/riposte-laique-bias/,-0.9,unknown,Problematic,No
rockcitytimes.com,-,-,-,-,-,-,-,Yes
rodong.rep.kp,Rodong Sinmun (North Korea),http://rodong.rep.kp/,very-low,https://mediabiasfactcheck.com/rodong-sinmun-north-korea/,-,unknown,-,No
roguereview.net,Rogue Review,https://www.roguereview.net/,low,https://mediabiasfactcheck.com/rogue-review-bias/,-,unknown,-,No
rsbnetwork.com,Right Side Broascasting Network,https://rsbnetwork.com/,low,https://mediabiasfactcheck.com/right-side-broadcasting-network-rsbn/,-0.3,unknown,-,No
rt.com,RT News,https://www.rt.com/,very-low,https://mediabiasfactcheck.com/rt-news/,0,low,Problematic,No
rumble.com,Rumble,https://rumble.com/,low,https://mediabiasfactcheck.com/rumble/,-0.8,unknown,-,No
rushlimbaugh.com,The Rush Limbaugh Show,https://www.rushlimbaugh.com/,very-low,https://mediabiasfactcheck.com/rushlimbaugh-com/,-0.8,low,Problematic,No
russia-insider.com,Russia Insider,https://russia-insider.com/en,low,https://mediabiasfactcheck.com/russia-insider/,-0.9,low,-,No
ruthinstitute.org,Ruth Institute,https://ruthinstitute.org/,low,https://mediabiasfactcheck.com/ruth-institute/,0,unknown,-,No
sanevax.org,SaneVax,https://sanevax.org/,low,https://mediabiasfactcheck.com/sanevax/,-0.3,low,Problematic,No
santeplusmag.com,Sante Plus Magazine,https://www.santeplusmag.com/,low,https://mediabiasfactcheck.com/sante-plus-magazine/,-0.8,unknown,-,No
satiratribune.com,-,-,-,-,-,-,-,Yes
satirewire.com,-,-,-,-,-,-,-,Yes
savethemales.ca,Henry Makow,https://www.savethemales.ca/,low,https://mediabiasfactcheck.com/henry-makow-savethemales-ca/,0.4,low,Problematic,No
science.news,Science.news,https://science.news/,very-low,https://mediabiasfactcheck.com/science-news-2/,-0.4,low,Problematic,No
scrappleface.com,-,-,-,-,-,-,-,Yes
secondamendmentdaily.com,2nd Amendment Daily News,https://www.secondamendmentdaily.com/,low,https://mediabiasfactcheck.com/2nd-amendment-daily-news/,0,low,-,No
sensationalisttimes.com,-,-,-,-,-,-,-,Yes
sgtreport.com,SGT Report,https://www.sgtreport.com/,low,https://mediabiasfactcheck.com/sgt-report/,0.3,low,Problematic,No
sheepkillers.com,Sheep Killers,http://sheepkillers.com/,low,https://mediabiasfactcheck.com/sheep-killers/,-1,low,Problematic,No
shoebat.com,Shoebat,https://shoebat.com/,low,https://mediabiasfactcheck.com/shoebat/,-0.8,low,Problematic,No
shtfplan.com,SHTFplan.com,https://www.shtfplan.com/,low,https://mediabiasfactcheck.com/shtfplan-com/,-0.3,low,Unverified,No
sickchirpse.com,Sick Chirpse,https://sickchirpse.com/,very-low,https://mediabiasfactcheck.com/sick-chirpse/,-0.7,low,-,No
skeptiko.com,Skeptiko,https://skeptiko.com/,very-low,https://mediabiasfactcheck.com/skeptiko/,-0.6,low,Problematic,No
smobserved.com,Santa Monica Observer,https://www.smobserved.com/,low,https://mediabiasfactcheck.com/santa-monica-observer/,0,unknown,-,No
snanews.de,Sputnik Germany,https://snanews.de/,very-low,https://mediabiasfactcheck.com/sputnik-news-agency-germany/,-0.4,unknown,-,No
snopes.news,Snopes News,https://snopes.news/,very-low,https://mediabiasfactcheck.com/snopes-news/,-0.5,low,-,No
sonsof1776.com,Sons of 1776,https://sonsof1776.com/,low,https://mediabiasfactcheck.com/sons-of-1776/,0,low,-,No
sonsoflibertymedia.com,Sons of Liberty Media,https://sonsoflibertymedia.com/,low,https://mediabiasfactcheck.com/fake-news/,-,unknown,-,No
sott.net,Signs of the Times,https://www.sott.net/,low,https://mediabiasfactcheck.com/signs-of-the-times-sott/,-0.8,low,Problematic,No
southfront.org,South Front,https://southfront.org/,low,https://mediabiasfactcheck.com/south-front/,0.1,low,Unverified,No
space.news,Space News,https://space.news/,very-low,https://mediabiasfactcheck.com/space-news/,0,low,Problematic,No
speech-point.com,Speech Point,http://www.speech-point.com/,low,https://mediabiasfactcheck.com/speech-point/,-0.6,unknown,Unverified,No
speld.nl,-,-,-,-,-,-,-,Yes
sportspickle.com,-,-,-,-,-,-,-,Yes
sputniknews.com,Sputnik,https://sputniknews.com/,very-low,https://mediabiasfactcheck.com/sputnik-news/,-0.1,low,Problematic,No
squawker.org,Squawker,https://squawker.org/,low,https://mediabiasfactcheck.com/squawker/,0,low,-,No
staresattheworld.com,Stares at the World,https://www.staresattheworld.com/,low,https://mediabiasfactcheck.com/stares-at-the-world/,0,unknown,-,No
stateofthenation.co,State of the Nation,https://stateofthenation.co/,low,https://mediabiasfactcheck.com/state-of-the-union-2012/,0,unknown,-,No
stateofthenation2012.com,State of the Nation 2012,https://stateofthenation2012.com/,low,https://mediabiasfactcheck.com/state-of-the-union-2012/,-0.9,unknown,Unverified,No
stillnessinthestorm.com,Stillness in the Storm,https://stillnessinthestorm.com/,low,https://mediabiasfactcheck.com/stillness-in-the-storm/,0,low,Problematic,No
stneotscitizen.com,-,-,-,-,-,-,-,Yes
stonecoldtruth.com,Stone Cold Truth,https://stonecoldtruth.com/,low,https://mediabiasfactcheck.com/stone-cold-truth/,0.2,unknown,-,No
stormcloudsgathering.com,Storm Clouds Gathering,https://stormcloudsgathering.com/,low,https://mediabiasfactcheck.com/storm-clouds-gathering/,-0.4,low,-,No
stormfront.org,Stormfront,https://www.stormfront.org/forum/,very-low,https://mediabiasfactcheck.com/stormfront/,-0.4,low,Problematic,No
strategic-culture.org,Strategic Culture Foundation,https://www.strategic-culture.org/,very-low,https://mediabiasfactcheck.com/strategic-culture-foundation/,0.2,low,Unverified,No
stuppid.com,-,-,-,-,-,-,-,Yes
summit.news,Summit News,https://summit.news/,low,https://mediabiasfactcheck.com/summit-news/,-0.9,low,Unverified,No
supplementreference.com,SupplementReference.com,https://supplementreference.com/,very-low,https://mediabiasfactcheck.com/supplementreference-com/,0.2,low,-,No
supportisraelnow.com,Support Israel Now,https://www.supportisraelnow.com/,low,https://mediabiasfactcheck.com/support-israel-now/,-0.6,unknown,-,No
surrealscoop.com,-,-,-,-,-,-,-,Yes
survivalblog.com,SurvivalBlog.com,https://survivalblog.com/,low,https://mediabiasfactcheck.com/survivalblog-com/,0.8,unknown,-,No
sustainablepulse.com,Sustainable Pulse,https://sustainablepulse.com/,low,https://mediabiasfactcheck.com/sustainable-pulse/,0.3,low,Problematic,No
swampdrain.com,SwampDrain.com,https://swampdrain.com/,low,https://mediabiasfactcheck.com/swampdrain-com/,0,unknown,-,No
swarajyamag.com,Swarajya,https://swarajyamag.com/,low,https://mediabiasfactcheck.com/swarajya/,-0.8,low,Unverified,No
syrianews.cc,Syria News,https://www.syrianews.cc/,low,http://mediabiasfactcheck.com/syria-news/,0,low,Unverified,No
takimag.com,Taki's Magazine,https://www.takimag.com/,low,https://mediabiasfactcheck.com/takis-magazine/,-0.3,unknown,-,No
talknetwork.com,Talk Network,https://talknetwork.com/,very-low,https://mediabiasfactcheck.com/talknetwork-com/,0,low,-,No
teaparty.org,Tea Party,https://www.teaparty.org/,low,https://mediabiasfactcheck.com/tea-party-inc/,-0.7,unknown,Problematic,No
technocracy.news,Technocracy News,https://www.technocracy.news/,very-low,https://mediabiasfactcheck.com/technocracy-news/,-1,low,Problematic,No
tfp.org,"American Society for the Defense of Tradition, Family, and Property",https://www.tfp.org/,low,https://mediabiasfactcheck.com/american-society-defense-tradition-family-property/,0.2,low,-,No
thealternativedaily.com,Alternative Daily,https://www.thealternativedaily.com/,low,https://mediabiasfactcheck.com/alternative-daily-bias/,-0.3,unknown,Problematic,No
theamericanmirror.com,The American Mirror,https://www.theamericanmirror.com/,low,https://mediabiasfactcheck.com/the-american-mirror/,-0.9,unknown,Problematic,No
theautomaticearth.com,The Automatic Earth,https://www.theautomaticearth.com/,low,https://mediabiasfactcheck.com/the-automatic-earth/,-0.5,high,-,No
thebeardedpatriot.com,The Bearded Patriot,https://thebeardedpatriot.com/,low,https://mediabiasfactcheck.com/the-bearded-patriot/,0,low,Unverified,No
thebeaverton.com,-,-,-,-,-,-,-,Yes
thebreakingnews.com,The Breaking News,https://thebreakingnews.com/,low,https://mediabiasfactcheck.com/thebreakingnews/,0.2,unknown,-,No
thecoloradoherald.com,The Colorado Herald,https://thecoloradoherald.com/,low,https://mediabiasfactcheck.com/the-colorado-herald/,-0.6,unknown,Unverified,No
thecommonsenseshow.com,The Common Sense Show,https://thecommonsenseshow.com/,very-low,https://mediabiasfactcheck.com/the-common-sense-show/,-0.9,low,Problematic,No
theconservativecentral.com,The Conservative Central,https://theconservativecentral.com/,low,https://mediabiasfactcheck.com/the-conservative-central/,0,low,-,No
theconservativetreehouse.com,The Last Refuge,https://theconservativetreehouse.com/,low,https://mediabiasfactcheck.com/the-last-refuge/,-0.8,low,Problematic,No
thecovidworld.com,The Covid World,https://thecovidworld.com/,very-low,https://mediabiasfactcheck.com/the-covid-world-bias/,-0.1,-,-,No
thedailybell.com,The Daily Bell,https://www.thedailybell.com/,low,https://mediabiasfactcheck.com/the-daily-bell/,0.5,low,-,No
thedailyconspiracy.com,The Daily Conspiracy,https://thedailyconspiracy.com/,low,https://mediabiasfactcheck.com/the-daily-conspiracy/,0,low,Problematic,No
thedailymash.co.uk,-,-,-,-,-,-,-,Yes
thedailysheeple.com,The Daily Sheeple,https://www.thedailysheeple.com/,low,https://mediabiasfactcheck.com/the-daily-sheeple/,-0.3,low,Problematic,No
thedailywtf.com,-,-,-,-,-,-,-,Yes
thedcpatriot.com,The DC Patriot,https://thedcpatriot.com/,low,https://mediabiasfactcheck.com/the-dc-patriot/,-1,unknown,Unverified,No
theduran.com,The Duran,https://theduran.com/,low,https://mediabiasfactcheck.com/the-duran/,-0.4,low,Problematic,No
theexpose.uk,The Daily Expose,https://theexpose.uk/,very-low,https://mediabiasfactcheck.com/the-daily-expose/,0.6,unknown,-,No
thefederalistpapers.org,The Federalist Papers Project,https://thefederalistpapers.org/,low,https://mediabiasfactcheck.com/the-federalist-papers-project/,-0.7,low,Unverified,No
theforbiddenknowledge.com,The Forbidden Knowledge,https://www.theforbiddenknowledge.com/,low,https://mediabiasfactcheck.com/the-forbidden-knowledge/,-0.1,low,-,No
thefreedomtimes.com,The Freedom Times,https://www.thefreedomtimes.com/,low,https://mediabiasfactcheck.com/the-freedom-times/,0,low,-,No
thefreethoughtproject.com,Free Thought Project,https://thefreethoughtproject.com/,low,https://mediabiasfactcheck.com/free-thought-project/,-0.5,low,Problematic,No
thefullertoninformer.com,The Fullerton Informer,https://thefullertoninformer.com/,very-low,https://mediabiasfactcheck.com/the-fullerton-informer/,-,unknown,Problematic,No
thegatewaypundit.com,The Gateway Pundit,https://www.thegatewaypundit.com/,very-low,https://mediabiasfactcheck.com/the-gateway-pundit/,-0.9,low,Problematic,No
thegoldwater.com,The Goldwater,https://thegoldwater.com/,low,https://mediabiasfactcheck.com/the-goldwater/,-0.2,low,-,No
thehardtimes.net,-,-,-,-,-,-,-,Yes
thehealthyamerican.org,The Healthy American,https://www.thehealthyamerican.org/,very-low,https://mediabiasfactcheck.com/the-healthy-american/,0,unknown,Problematic,No
thehighwire.com,The Highwire,https://thehighwire.com/,low,https://mediabiasfactcheck.com/the-highwire/,0,low,Problematic,No
thehornnews.com,The Horn,https://thehornnews.com/,low,https://mediabiasfactcheck.com/the-horn-news/,0.5,unknown,Problematic,No
theineptowl.com,-,-,-,-,-,-,-,Yes
theirishsentinel.com,Irish Sentinel,https://theirishsentinel.com/,very-low,https://mediabiasfactcheck.com/irish-sentinel-bias/,-0.6,-,-,No
thelastlineofdefense.org,-,-,-,-,-,-,-,Yes
thelaughclub.net,The Laugh Club,https://www.thelaughclub.net/,low,https://mediabiasfactcheck.com/the-laugh-club/,-1,unknown,Unverified,No
thelibertybeacon.com,The Liberty Beacon,https://www.thelibertybeacon.com/,low,https://mediabiasfactcheck.com/the-liberty-beacon/,-0.8,low,Problematic,No
themadisonmisnomer.com,-,-,-,-,-,-,-,Yes
themideastbeast.com,-,-,-,-,-,-,-,Yes
themillenniumreport.com,The Millennium Report,https://themillenniumreport.com/,low,https://mediabiasfactcheck.com/the-millennium-report/,-1,low,Unverified,No
themindunleashed.com,The Mind Unleashed,https://themindunleashed.com/,low,https://mediabiasfactcheck.com/the-mind-unleashed/,-1,low,Problematic,No
thenationalpatriot.com,The National Patriot,https://www.thenationalpatriot.com/,low,https://mediabiasfactcheck.com/the-national-patriot/,0,unknown,-,No
thenewsnerd.com,-,-,-,-,-,-,-,Yes
theonion.com,-,-,-,-,-,-,-,Yes
thepatriotnation.net,The Patriot Nation,https://thepatriotnation.net/,low,https://mediabiasfactcheck.com/the-patriot-nation/,-0.6,low,-,No
thepoke.co.uk,-,-,-,-,-,-,-,Yes
thepublicdiscourse.com,Witherspoon Institute,https://www.thepublicdiscourse.com/,low,https://mediabiasfactcheck.com/witherspoon-institute/,0.3,unknown,Unverified,No
thepuristonline.com,The Purist,https://thepuristonline.com/,low,https://mediabiasfactcheck.com/the-purist-magazine-bias/,-,unknown,Problematic,No
theragingpatriot.org,The Raging Patriot,https://theragingpatriot.org/,low,https://mediabiasfactcheck.com/the-raging-patriot-bias/,-,unknown,-,No
theredelephants.com,The Red Elephants,https://theredelephants.com/,very-low,https://mediabiasfactcheck.com/the-red-elephants/,0,unknown,-,No
thereligionofpeace.com,The Religion of Peace,https://thereligionofpeace.com/,low,https://mediabiasfactcheck.com/the-religion-of-peace/,0.3,unknown,-,No
therightists.com,-,-,-,-,-,-,-,Yes
therightstuff.biz,The Right Stuff,https://therightstuff.biz/,very-low,https://mediabiasfactcheck.com/the-right-stuff/,-0.2,low,-,No
therundownlive.com,The Rundown Live,https://therundownlive.com/,low,https://mediabiasfactcheck.com/the-rundown-live/,-1,low,Problematic,No
theseattletribune.com,-,-,-,-,-,-,-,Yes
theshovel.com.au,-,-,-,-,-,-,-,Yes
theskunk.org,-,-,-,-,-,-,-,Yes
thespectator.info,TheSpectator.info,https://thespectator.info/,very-low,https://mediabiasfactcheck.com/thespectator-info/,1,low,-,No
thespoof.com,-,-,-,-,-,-,-,Yes
thestatelyharold.com,-,-,-,-,-,-,-,Yes
thetimesoftheworld.com,-,-,-,-,-,-,-,Yes
thetruedefender.com,The True Defender,https://thetruedefender.com/,low,https://mediabiasfactcheck.com/the-true-defender/,-0.3,unknown,-,No
thetruereporter.com,The True Reporter,https://thetruereporter.com/,low,https://mediabiasfactcheck.com/the-true-reporter/,-1,unknown,-,No
thetruthaboutcancer.com,The Truth about Cancer,https://thetruthaboutcancer.com/,low,https://mediabiasfactcheck.com/the-truth-about-cancer/,-0.7,low,Problematic,No
thetruthseeker.co.uk,The Truth Seeker,https://www.thetruthseeker.co.uk/,low,https://mediabiasfactcheck.com/the-truth-seeker/,-0.8,low,Problematic,No
thetruthvoice.net,The Truth Voice,http://www.thetruthvoice.net/,low,https://mediabiasfactcheck.com/the-truth-voice/,-0.6,unknown,-,No
theunionjournal.com,The Union Journal,https://theunionjournal.com/,low,https://mediabiasfactcheck.com/the-union-journal/,0,low,Unverified,No
theunrealtimes.com,-,-,-,-,-,-,-,Yes
theuspatriot.com,-,-,-,-,-,-,-,Yes
thevaccinereaction.org,The Vaccine Reaction,https://thevaccinereaction.org/,low,https://mediabiasfactcheck.com/the-vaccine-reaction/,-0.6,low,Problematic,No
thevalleyreport.com,-,-,-,-,-,-,-,Yes
thewashingtonstandard.com,The Washington Standard,https://thewashingtonstandard.com/,low,https://mediabiasfactcheck.com/the-washington-standard/,-1,low,Problematic,No
thinkamericana.com,Think Americana,https://thinkamericana.com/,low,https://mediabiasfactcheck.com/think-americana/,-1,unknown,-,No
thinkinghumanity.com,Thinking Humanity,https://www.thinkinghumanity.com/,low,https://mediabiasfactcheck.com/thinking-humanity/,0.6,low,Problematic,No
thinkingmomsrevolution.com,Thinking Mom's Revolution,https://thinkingmomsrevolution.com/,low,https://mediabiasfactcheck.com/thinking-moms-revolution/,-0.6,low,Problematic,No
thoughtcrimeradio.net,Thought Crime Radio,https://thoughtcrimeradio.net/,very-low,https://mediabiasfactcheck.com/thought-crime-radio/,0,low,Problematic,No
thrivemovement.com,Thrive Movement,https://www.thrivemovement.com/,low,https://mediabiasfactcheck.com/thrive-movement/,0.8,low,Problematic,No
topekasnews.com,-,-,-,-,-,-,-,Yes
torontotoday.net,Toronto Today,https://www.torontotoday.net/,low,https://mediabiasfactcheck.com/toronto-today/,-1,unknown,Unverified,No
tpusa.com,Turning Point USA,https://www.tpusa.com/,low,https://mediabiasfactcheck.com/turning-point-usa/,-0.4,unknown,Unverified,No
treason.news,Treason News,https://treason.news/,very-low,https://mediabiasfactcheck.com/treason-news/,0.6,low,-,No
triggerreset.net,Trigger Reset,https://triggerreset.net/,low,https://mediabiasfactcheck.com/triggerreset/,0,unknown,-,No
trueactivist.com,Center for Immigration Studies,https://www.trueactivist.com/,low,https://mediabiasfactcheck.com/true-activist/,-0.303,low,Unverified,No
truepundit.com,True Pundit,https://truepundit.com/,low,https://mediabiasfactcheck.com/true-pundit/,-0.994,low,Problematic,No
trueviralnews.com,True Viral News,https://trueviralnews.com/,very-low,https://mediabiasfactcheck.com/true-viral-news/,0,low,-,No
trump.news,Trump.news,https://trump.news/,low,https://mediabiasfactcheck.com/trump-news/,0.22,unknown,-,No
trunews.com,TruNews,https://www.trunews.com/,low,https://mediabiasfactcheck.com/trunews/,0.28,low,Problematic,No
truthandaction.org,Truth and Action,https://www.truthandaction.org/,low,https://mediabiasfactcheck.com/truth-and-action/,-0.952,low,Unverified,No
truthinmedia.com,Truth in Media,https://truthinmedia.com/,low,https://mediabiasfactcheck.com/truth-in-media/,0.24,low,-,No
truthmonitor.com,Truth Monitor,https://truthmonitor.com/,low,https://mediabiasfactcheck.com/truth-monitor/,0,unknown,-,No
truthuncensored.net,Truth Uncensored,https://truthuncensored.net/,low,https://mediabiasfactcheck.com/truth-uncensored/,0,unknown,Problematic,No
twisted.news,Twisted News,https://twisted.news/,very-low,https://mediabiasfactcheck.com/twisted-news/,0,low,Problematic,No
ukcolumn.org,UK Column,https://www.ukcolumn.org/,low,https://mediabiasfactcheck.com/uk-column/,0.28,low,Problematic,No
unclesamsmisguidedchildren.com,Uncle Sam's Misguided Children,https://unclesamsmisguidedchildren.com/,low,https://mediabiasfactcheck.com/uncle-sams-misguided-children/,-0.5,low,-,No
unconfirmedsources.com,-,-,-,-,-,-,-,Yes
uncoverdc.com,UncoverDC,https://uncoverdc.com/,low,https://mediabiasfactcheck.com/uncoverdc/,-0.587,low,Unverified,No
understandingthethreat.com,Understanding the threat,https://www.understandingthethreat.com/,low,https://mediabiasfactcheck.com/understanding-the-threat/,-0.16,unknown,-,No
uniteamericafirst.com,Unite America First,https://uniteamericafirst.com/,low,https://mediabiasfactcheck.com/unite-america-first/,0,low,-,No
unz.com,The Unz Review,https://www.unz.com/,low,https://mediabiasfactcheck.com/the-unz-report/,-0.288,low,Unverified,No
us24news.com,24 News,https://us24news.com/,low,https://mediabiasfactcheck.com/24-news/,0,low,-,No
usahitman.com,USA Hitman,https://usahitman.com/,low,https://mediabiasfactcheck.com/usa-hitman/,-0.468,low,Problematic,No
usaisonline.com,USA is Online,https://usaisonline.com/,very-low,https://mediabiasfactcheck.com/usa-is-online/,0,low,-,No
usareally.com,USA Really,https://usareally.com/,very-low,https://mediabiasfactcheck.com/usa-really/,0,low,-,No
usasupreme.com,USA Supreme,https://www.usasupreme.com/,very-low,https://mediabiasfactcheck.com/usa-supreme/,-0.764,low,Problematic,No
usawatchdog.com,USAWatchdog.com,https://usawatchdog.com/,low,https://mediabiasfactcheck.com/usawatchdog-com/,-0.197,low,Problematic,No
usbacklash.org,US Backlash,https://usbacklash.org/,very-low,https://mediabiasfactcheck.com/us-backlash/,0,unknown,-,No
uschronicle.com,US Chronicle,https://uschronicle.com/,low,https://mediabiasfactcheck.com/us-chronicle/,-1,unknown,Unverified,No
uslibertywire.com,US Liberty Wire,https://uslibertywire.com/,low,https://mediabiasfactcheck.com/us-liberty-wire-bias-credibility-fake-news/,0,unknown,-,No
ussanews.com,USSA News,https://ussanews.com/,low,https://mediabiasfactcheck.com/ussa-news/,0,medium,Problematic,No
vaccineimpact.com,Vaccine Impact,https://vaccineimpact.com/,very-low,https://mediabiasfactcheck.com/vaccine-impact/,0,low,Problematic,No
vaccines.news,Vaccine News,https://vaccines.news/,very-low,https://mediabiasfactcheck.com/vaccines-news/,0,low,Problematic,No
vaccinesafety.info,Vaccine Safety Info,https://vaccinesafety.info/,very-low,https://mediabiasfactcheck.com/vaccine-safety-info/,-,unknown,-,No
vaccinesrevealed.com,Vaccines Revealed,https://www.vaccinesrevealed.com/,very-low,https://mediabiasfactcheck.com/vaccines-revealed/,-1,unknown,Problematic,No
vactruth.com,VacTruth.com,https://vactruth.com/,low,https://mediabiasfactcheck.com/vactruth-com/,-0.961,low,Problematic,No
vaxxter.com,Vaxxter,https://vaxxter.com/,low,https://mediabiasfactcheck.com/vaxxter/,-1,low,Problematic,No
vdare.com,Vdare,https://vdare.com/,low,https://mediabiasfactcheck.com/vdare/,-0.467,low,-,No
veteranstoday.com,Veterans Today,https://www.veteranstoday.com/,very-low,https://mediabiasfactcheck.com/veterans-today/,-0.359,low,Problematic,No
vidmax.com,Vidmax,https://vidmax.com/,low,https://mediabiasfactcheck.com/vidmax-2/,0.18,unknown,-,No
vigilantcitizen.com,Vigilant Citizen,https://vigilantcitizen.com/,low,https://mediabiasfactcheck.com/vigilant-citizen/,-0.769,low,Problematic,No
viralhatch.com,Viral Hatch,https://viralhatch.com/,low,https://mediabiasfactcheck.com/viral-hatch/,0,low,-,No
viralnewsnetwork.net,Viral News Network,https://viralnewsnetwork.net/,low,https://mediabiasfactcheck.com/viral-news-network/,-1,low,Problematic,No
votefraud.news,Vote Fraud News,https://votefraud.news/,very-low,https://mediabiasfactcheck.com/votefraud-news/,0,low,-,No
wakeup-world.com,Wake Up World,https://wakeup-world.com/,low,https://mediabiasfactcheck.com/wake-up-world/,0.32,low,-,No
wakingtimes.com,The Waking Times,https://www.wakingtimes.com/,low,https://mediabiasfactcheck.com/the-waking-times/,-0.859,low,Problematic,No
wallbuilders.com,WallBuilders,https://wallbuilders.com/,low,https://mediabiasfactcheck.com/wallbuilders/,0.48,unknown,-,No
waronfakes.com,War on Fakes,https://waronfakes.com/,very-low,https://mediabiasfactcheck.com/war-on-fakes-bias/,0.6,unknown,-,No
waterfordwhispersnews.com,-,-,-,-,-,-,-,Yes
wattsupwiththat.com,Watts Up with that,https://wattsupwiththat.com/,low,https://mediabiasfactcheck.com/watts-up-with-that/,-0.336,low,Problematic,No
waynedupree.com,WayneDupree.com,https://www.waynedupree.com/,low,https://mediabiasfactcheck.com/waynedupree-com/,0,low,Problematic,No
welovetrump.com,We Love Trump,https://welovetrump.com/,very-low,https://mediabiasfactcheck.com/we-love-trump/,-0.103,medium,-,No
westernjournal.com/commentary,Conservative Tribune,https://www.westernjournal.com/commentary/,very-low,https://mediabiasfactcheck.com/conservative-tribune/,-,-,-,No
westonaprice.org,Weston A. Price Foundation,https://westonaprice.org/,low,https://mediabiasfactcheck.com/weston-a-price-foundation/,0.7,low,Problematic,No
whale.to,Whale.to,http://whale.to/,low,https://mediabiasfactcheck.com/whale-to/,-0.2,low,Problematic,No
whatreallyhappened.com,What Really Happened,https://www.whatreallyhappened.com/,very-low,https://mediabiasfactcheck.com/what-really-happened/,-0.5,low,Problematic,No
whitehouse.news,WhiteHouse.News,https://whitehouse.news/,very-low,https://mediabiasfactcheck.com/whitehouse-news/,0,low,-,No
whydontyoutrythis.com,Why Don't You Try This,https://www.whydontyoutrythis.com/,low,https://mediabiasfactcheck.com/why-dont-you-try-this/,-0.433,low,Problematic,No
WilliamBanzai7.blogspot.com,-,-,-,-,-,-,-,Yes
winkprogress.com,-,-,-,-,-,-,-,Yes
witscience.org,-,-,-,-,-,-,-,Yes
wnd.com,World Net Daily,https://www.wnd.com/,low,https://mediabiasfactcheck.com/world-net-daily-wnd/,-0.573,low,Problematic,No
wonkie.com,-,-,-,-,-,-,-,Yes
worldaffairsbrief.com,World Affairs Brief,https://worldaffairsbrief.com/,very-low,https://mediabiasfactcheck.com/world-affairs-brief/,0.32,low,Problematic,No
worlddoctorsalliance.com,World Doctors Alliance,https://worlddoctorsalliance.com/,very-low,https://mediabiasfactcheck.com/world-doctors-alliance/,0,unknown,-,No
worldgreynews.com,Fake News Generator,https://www.worldgreynews.com/,very-low,https://mediabiasfactcheck.com/worldgreynews-com/,-,unknown,-,No
worldhealth.net,WorldHealth.Net,https://worldhealth.net/,low,https://mediabiasfactcheck.com/worldhealth-net/,0.72,low,Problematic,No
worldlifestyle.com,World Lifestyle,https://www.worldlifestyle.com/,low,https://mediabiasfactcheck.com/world-lifestyle-bias/,-,unknown,-,No
worldnewsdailyreport.com,-,-,-,-,-,-,-,Yes
worldtribune.com,World Tribune,https://www.worldtribune.com/,low,https://mediabiasfactcheck.com/world-tribune/,0.601,unknown,-,No
worldtruth.tv,World Truth TV,https://worldtruth.tv/,very-low,https://mediabiasfactcheck.com/world-truth-tv/,-0.756,low,Problematic,No
wundergroundmusic.com,-,-,-,-,-,-,-,Yes
x22report.com,X22 Report,https://x22report.com/,low,https://mediabiasfactcheck.com/x22-report/,-0.592,low,Problematic,No
yaliberty.org,Young Americans for Liberty,https://yaliberty.org/,low,https://mediabiasfactcheck.com/young-americans-for-liberty-bias/,0.54,unknown,-,No
yesimright.com,Yes I'm Right,https://yesimright.com/,low,https://mediabiasfactcheck.com/yes-im-right/,-1,low,Unverified,No
z3news.com,Z3 News,https://z3news.com/,very-low,https://mediabiasfactcheck.com/z3-news-bias/,0,unknown,-,No
zenith.news,Zenith News,https://zenith.news/,low,https://mediabiasfactcheck.com/zenith-news/,0,unknown,-,No
zerohedge.com,Zerohedge,https://www.zerohedge.com/,low,https://mediabiasfactcheck.com/zero-hedge/,-0.796,low,Problematic,No
